building_id,area,alpha,beta_w,beta_p,beta_t,pipeline_node_id,substation_node_id,in_bridge_area
BL0,4119.763225761848,1.0,0.55,0.4,0.05,P69,S6,0
BL1,3348.1293317042932,1.0,0.55,0.4,0.05,P53,S7,0
BL2,3807.0192303963086,1.0,0.55,0.4,0.05,P43,S1,1
BL3,3626.591579683242,1.0,0.55,0.4,0.05,P23,S1,1
BL4,1094.4627678569477,1.0,0.55,0.4,0.05,P16,S7,1
BL5,927.9308670347057,1.0,0.55,0.4,0.05,P70,S12,1
BL6,880.2194847058411,1.0,0.55,0.4,0.05,P50,S8,0
BL7,1118.3356851701096,1.0,0.55,0.4,0.05,P59,S7,0
BL8,4103.978792382935,1.0,0.55,0.4,0.05,P76,S12,1
BL9,4021.808470832961,1.0,0.55,0.4,0.05,P78,S5,0
BL10,4757.121782677987,1.0,0.55,0.4,0.05,P48,S12,0
BL11,3155.341529112391,1.0,0.55,0.4,0.05,P65,S2,0
BL12,3272.7456501085458,1.0,0.55,0.4,0.05,P20,S1,1
BL13,3042.2777516259885,1.0,0.55,0.4,0.05,P7,S3,1
BL14,2596.933188415523,1.0,0.55,0.4,0.05,P14,S1,1
BL15,3937.6552550296456,1.0,0.55,0.4,0.05,P46,S9,1
BL16,2714.689470089431,1.0,0.55,0.4,0.05,P42,S12,1
BL17,4690.563060605458,1.0,0.55,0.4,0.05,P65,S3,1
BL18,1026.9660465504971,1.0,0.55,0.4,0.05,P49,S11,0
BL19,3460.3847826823753,1.0,0.55,0.4,0.05,P9,S9,1
BL20,3984.4463726382946,1.0,0.55,0.4,0.05,P7,S9,1
BL21,2001.3699124770717,1.0,0.55,0.4,0.05,P34,S3,1
BL22,3931.3946618179352,1.0,0.55,0.4,0.05,P55,S9,1
BL23,2138.864079974243,1.0,0.55,0.4,0.05,P73,S8,0
BL24,1209.2524188124985,1.0,0.55,0.4,0.05,P22,S7,0
BL25,4712.5735851908485,1.0,0.55,0.4,0.05,P25,S12,0
BL26,2224.9392024983445,1.0,0.55,0.4,0.05,P12,S7,0
BL27,2988.4687936380496,1.0,0.55,0.4,0.05,P35,S2,1
BL28,4011.3567225922648,1.0,0.55,0.4,0.05,P59,S12,0
BL29,2193.617630663718,1.0,0.55,0.4,0.05,P76,S8,1
BL30,3729.921062016396,1.0,0.55,0.4,0.05,P39,S8,0
BL31,1033.1535974766862,1.0,0.55,0.4,0.05,P80,S11,0
BL32,3366.832477960434,1.0,0.55,0.4,0.05,P77,S4,1
BL33,3147.160999861493,1.0,0.55,0.4,0.05,P69,S2,0
BL34,555.3620864987128,1.0,0.55,0.4,0.05,P9,S1,1
BL35,4214.297800383445,1.0,0.55,0.4,0.05,P56,S2,0
BL36,2563.46636809348,1.0,0.55,0.4,0.05,P37,S6,0
BL37,1858.673261491212,1.0,0.55,0.4,0.05,P24,S4,0
BL38,4015.8231594418216,1.0,0.55,0.4,0.05,P36,S7,0
BL39,4986.655960269079,1.0,0.55,0.4,0.05,P75,S7,0
BL40,1777.5879703881753,1.0,0.55,0.4,0.05,P9,S1,1
BL41,978.8878934212229,1.0,0.55,0.4,0.05,P72,S10,0
BL42,3495.581312479416,1.0,0.55,0.4,0.05,P68,S8,0
BL43,906.9832714285974,1.0,0.55,0.4,0.05,P81,S2,1
BL44,630.4977644201124,1.0,0.55,0.4,0.05,P53,S9,1
BL45,1143.5984382498575,1.0,0.55,0.4,0.05,P73,S3,1
BL46,1391.9190224580404,1.0,0.55,0.4,0.05,P19,S11,0
BL47,3453.2106769737056,1.0,0.55,0.4,0.05,P63,S1,1
BL48,524.434253579152,1.0,0.55,0.4,0.05,P74,S11,1
BL49,3226.6632994147744,1.0,0.55,0.4,0.05,P2,S2,0
BL50,1573.4876928232482,1.0,0.55,0.4,0.05,P4,S12,1
BL51,757.5437306896717,1.0,0.55,0.4,0.05,P65,S4,0
BL52,4675.079435775262,1.0,0.55,0.4,0.05,P69,S9,1
BL53,3641.5435279038675,1.0,0.55,0.4,0.05,P65,S2,0
BL54,680.6808479617989,1.0,0.55,0.4,0.05,P63,S10,0
BL55,1062.1565568753938,1.0,0.55,0.4,0.05,P68,S6,0
BL56,3853.3465774798,1.0,0.55,0.4,0.05,P16,S9,1
BL57,4330.089948928708,1.0,0.55,0.4,0.05,P41,S7,0
BL58,3805.794913708227,1.0,0.55,0.4,0.05,P51,S6,0
BL59,1718.414380930101,1.0,0.55,0.4,0.05,P12,S1,1
BL60,4910.921532044068,1.0,0.55,0.4,0.05,P15,S2,0
BL61,745.2514174608302,1.0,0.55,0.4,0.05,P58,S9,1
BL62,690.5774821107519,1.0,0.55,0.4,0.05,P50,S1,1
BL63,3693.1022829527933,1.0,0.55,0.4,0.05,P50,S3,1
BL64,912.7445262088913,1.0,0.55,0.4,0.05,P72,S5,0
BL65,4910.122307993866,1.0,0.55,0.4,0.05,P14,S10,0
BL66,4028.364267536336,1.0,0.55,0.4,0.05,P15,S8,0
BL67,3075.859174813868,1.0,0.55,0.4,0.05,P37,S4,0
BL68,4757.110041011428,1.0,0.55,0.4,0.05,P52,S6,0
BL69,3101.07747113394,1.0,0.55,0.4,0.05,P11,S7,0
BL70,3421.54919860389,1.0,0.55,0.4,0.05,P24,S7,0
BL71,1167.975454640261,1.0,0.55,0.4,0.05,P57,S6,0
BL72,2318.154758333447,1.0,0.55,0.4,0.05,P77,S6,1
BL73,1036.4788678898508,1.0,0.55,0.4,0.05,P41,S11,0
BL74,1751.3399560156581,1.0,0.55,0.4,0.05,P38,S12,0
BL75,2425.564461566075,1.0,0.55,0.4,0.05,P10,S2,0
BL76,3355.8310283821834,1.0,0.55,0.4,0.05,P24,S10,0
BL77,2339.5239924291373,1.0,0.55,0.4,0.05,P50,S12,0
BL78,3147.378117840537,1.0,0.55,0.4,0.05,P33,S11,0
BL79,662.2692542481367,1.0,0.55,0.4,0.05,P17,S8,1
BL80,2633.5970379057662,1.0,0.55,0.4,0.05,P25,S4,0
BL81,3076.0606990495207,1.0,0.55,0.4,0.05,P34,S2,0
BL82,3659.009814996671,1.0,0.55,0.4,0.05,P18,S5,0
BL83,3435.948754344642,1.0,0.55,0.4,0.05,P46,S7,1
BL84,4043.444998936792,1.0,0.55,0.4,0.05,P53,S8,0
BL85,2441.3818783095057,1.0,0.55,0.4,0.05,P25,S5,0
BL86,2122.9580050261443,1.0,0.55,0.4,0.05,P45,S7,0
BL87,3815.175598169991,1.0,0.55,0.4,0.05,P51,S12,0
BL88,4644.757387828362,1.0,0.55,0.4,0.05,P42,S7,1
BL89,2841.238016332561,1.0,0.55,0.4,0.05,P72,S11,0
BL90,1915.0281128489057,1.0,0.55,0.4,0.05,P41,S4,0
BL91,2723.6374093284053,1.0,0.55,0.4,0.05,P65,S7,0
BL92,824.2661618282466,1.0,0.55,0.4,0.05,P68,S1,1
BL93,750.0556260809506,1.0,0.55,0.4,0.05,P9,S11,1
BL94,2003.5851822569562,1.0,0.55,0.4,0.05,P69,S1,1
BL95,1912.5201641089516,1.0,0.55,0.4,0.05,P23,S6,0
BL96,566.0727960203185,1.0,0.55,0.4,0.05,P14,S1,1
BL97,4354.466106085512,1.0,0.55,0.4,0.05,P60,S6,0
BL98,1191.2580457728566,1.0,0.55,0.4,0.05,P67,S5,0
BL99,1038.5265013920246,1.0,0.55,0.4,0.05,P30,S3,1
BL100,4812.931314054375,1.0,0.55,0.4,0.05,P49,S7,0
BL101,3974.472011095635,1.0,0.55,0.4,0.05,P29,S1,1
BL102,3594.4927212474163,1.0,0.55,0.4,0.05,P81,S6,1
BL103,2245.287628236424,1.0,0.55,0.4,0.05,P25,S2,0
BL104,548.2744023905431,1.0,0.55,0.4,0.05,P57,S12,0
BL105,2862.8973633526753,1.0,0.55,0.4,0.05,P52,S9,1
BL106,1246.5809054444012,1.0,0.55,0.4,0.05,P17,S6,1
BL107,4951.098512076224,1.0,0.55,0.4,0.05,P13,S6,0
BL108,4275.813788967711,1.0,0.55,0.4,0.05,P68,S12,0
BL109,1137.181498559486,1.0,0.55,0.4,0.05,P45,S10,0
BL110,2266.5772212886395,1.0,0.55,0.4,0.05,P81,S7,1
BL111,3898.98577757635,1.0,0.55,0.4,0.05,P36,S4,0
BL112,2611.971203856806,1.0,0.55,0.4,0.05,P6,S1,1
BL113,1314.1699350389067,1.0,0.55,0.4,0.05,P35,S12,1
BL114,700.920900384255,1.0,0.55,0.4,0.05,P12,S3,1
BL115,1814.2669864153777,1.0,0.55,0.4,0.05,P74,S8,1
BL116,3139.0032785665817,1.0,0.55,0.4,0.05,P19,S3,1
BL117,878.5190055059691,1.0,0.55,0.4,0.05,P40,S9,1
BL118,4296.147731431435,1.0,0.55,0.4,0.05,P40,S4,0
BL119,3421.1707256042346,1.0,0.55,0.4,0.05,P19,S11,0
BL120,3933.063585677881,1.0,0.55,0.4,0.05,P52,S5,0
BL121,2149.737732196756,1.0,0.55,0.4,0.05,P54,S8,0
BL122,2023.0541748379671,1.0,0.55,0.4,0.05,P4,S9,1
BL123,2671.576288642823,1.0,0.55,0.4,0.05,P44,S12,0
BL124,4334.069825965261,1.0,0.55,0.4,0.05,P69,S7,0
BL125,4592.985097421075,1.0,0.55,0.4,0.05,P63,S5,0
BL126,4326.234344751748,1.0,0.55,0.4,0.05,P41,S4,0
BL127,2744.6763133916834,1.0,0.55,0.4,0.05,P48,S5,0
BL128,972.4087215323176,1.0,0.55,0.4,0.05,P27,S11,0
BL129,4628.0195264825425,1.0,0.55,0.4,0.05,P43,S1,1
BL130,1298.7796209663538,1.0,0.55,0.4,0.05,P32,S8,0
BL131,1362.2135434821494,1.0,0.55,0.4,0.05,P51,S1,1
BL132,4673.5720632681205,1.0,0.55,0.4,0.05,P27,S4,0
BL133,1883.9078258935376,1.0,0.55,0.4,0.05,P2,S9,1
BL134,532.9150533185704,1.0,0.55,0.4,0.05,P36,S2,0
BL135,3663.6505956450164,1.0,0.55,0.4,0.05,P49,S5,0
BL136,4918.12676394141,1.0,0.55,0.4,0.05,P22,S7,0
BL137,2648.7764313247976,1.0,0.55,0.4,0.05,P51,S10,0
BL138,4564.975423838239,1.0,0.55,0.4,0.05,P50,S12,0
BL139,4834.450505972208,1.0,0.55,0.4,0.05,P62,S7,1
BL140,4400.60647217867,1.0,0.55,0.4,0.05,P59,S8,0
BL141,3795.8607634720447,1.0,0.55,0.4,0.05,P64,S1,1
BL142,2988.9671108507387,1.0,0.55,0.4,0.05,P9,S10,1
BL143,4864.168025175062,1.0,0.55,0.4,0.05,P36,S12,0
BL144,1797.0271046955736,1.0,0.55,0.4,0.05,P53,S2,0
BL145,3874.925920708709,1.0,0.55,0.4,0.05,P80,S10,0
BL146,1057.4139868889947,1.0,0.55,0.4,0.05,P60,S8,0
BL147,3998.0440738813036,1.0,0.55,0.4,0.05,P28,S4,0
BL148,4934.930762727167,1.0,0.55,0.4,0.05,P3,S12,1
BL149,4900.626405832281,1.0,0.55,0.4,0.05,P40,S11,0
BL150,4071.5696775198767,1.0,0.55,0.4,0.05,P38,S3,1
BL151,2999.5776956199375,1.0,0.55,0.4,0.05,P33,S8,0
BL152,4661.157502489499,1.0,0.55,0.4,0.05,P6,S7,0
BL153,666.368272405284,1.0,0.55,0.4,0.05,P65,S6,0
BL154,719.1431254123307,1.0,0.55,0.4,0.05,P67,S1,1
BL155,3538.8753290036784,1.0,0.55,0.4,0.05,P30,S5,1
BL156,3981.7430723823186,1.0,0.55,0.4,0.05,P8,S10,1
BL157,3827.4416081442946,1.0,0.55,0.4,0.05,P58,S1,1
BL158,720.3366942047567,1.0,0.55,0.4,0.05,P70,S5,1
BL159,3298.539980188606,1.0,0.55,0.4,0.05,P65,S11,0
BL160,520.250562228466,1.0,0.55,0.4,0.05,P19,S3,1
BL161,3547.7932971397872,1.0,0.55,0.4,0.05,P70,S12,1
BL162,2306.1000089902454,1.0,0.55,0.4,0.05,P42,S7,1
BL163,3522.2576398513643,1.0,0.55,0.4,0.05,P2,S9,1
BL164,4337.515083343607,1.0,0.55,0.4,0.05,P73,S4,0
BL165,4340.0510201482675,1.0,0.55,0.4,0.05,P19,S7,0
BL166,3156.4411289741706,1.0,0.55,0.4,0.05,P28,S11,0
BL167,1736.7127283978016,1.0,0.55,0.4,0.05,P24,S6,0
BL168,1344.171568727711,1.0,0.55,0.4,0.05,P32,S7,0
BL169,2038.6712234554716,1.0,0.55,0.4,0.05,P72,S9,1
BL170,4133.442226893268,1.0,0.55,0.4,0.05,P6,S6,0
BL171,1833.6292565502422,1.0,0.55,0.4,0.05,P58,S7,0
BL172,1115.6957511333185,1.0,0.55,0.4,0.05,P81,S10,1
BL173,4989.110167683128,1.0,0.55,0.4,0.05,P33,S2,0
BL174,3178.457781860173,1.0,0.55,0.4,0.05,P47,S11,0
BL175,4618.844421284996,1.0,0.55,0.4,0.05,P57,S1,1
BL176,1104.6511099087768,1.0,0.55,0.4,0.05,P32,S3,1
BL177,802.250009814951,1.0,0.55,0.4,0.05,P40,S2,0
BL178,579.509514499605,1.0,0.55,0.4,0.05,P29,S5,1
BL179,3355.431192283087,1.0,0.55,0.4,0.05,P16,S4,1
BL180,2391.717971773747,1.0,0.55,0.4,0.05,P37,S11,0
BL181,3883.83404708712,1.0,0.55,0.4,0.05,P28,S11,0
BL182,1780.4339380032136,1.0,0.55,0.4,0.05,P78,S7,0
BL183,1557.9370259629677,1.0,0.55,0.4,0.05,P44,S5,0
BL184,4590.791664903269,1.0,0.55,0.4,0.05,P73,S7,0
BL185,3840.430772380895,1.0,0.55,0.4,0.05,P26,S4,0
BL186,3440.476440542728,1.0,0.55,0.4,0.05,P43,S3,1
BL187,1586.174277319983,1.0,0.55,0.4,0.05,P48,S1,1
BL188,1199.487038375401,1.0,0.55,0.4,0.05,P24,S4,0
BL189,1774.6111996255133,1.0,0.55,0.4,0.05,P26,S5,0
BL190,4063.884913136183,1.0,0.55,0.4,0.05,P71,S1,1
BL191,2472.7381636288683,1.0,0.55,0.4,0.05,P46,S8,1
BL192,4976.157870207612,1.0,0.55,0.4,0.05,P64,S11,0
BL193,4165.872994030472,1.0,0.55,0.4,0.05,P39,S8,0
BL194,4044.1542630320264,1.0,0.55,0.4,0.05,P55,S9,1
BL195,3029.768301819075,1.0,0.55,0.4,0.05,P74,S6,1
BL196,3438.1495695379926,1.0,0.55,0.4,0.05,P15,S4,0
BL197,2807.294289350501,1.0,0.55,0.4,0.05,P8,S4,1
BL198,661.2923813817342,1.0,0.55,0.4,0.05,P78,S12,0
BL199,963.5120785857146,1.0,0.55,0.4,0.05,P35,S12,1
BL200,1607.299751772223,1.0,0.55,0.4,0.05,P78,S4,0
BL201,2548.0302908529306,1.0,0.55,0.4,0.05,P3,S7,1
BL202,1906.5647706286277,1.0,0.55,0.4,0.05,P5,S4,0
BL203,1002.2016571215202,1.0,0.55,0.4,0.05,P42,S1,1
BL204,772.3780287194126,1.0,0.55,0.4,0.05,P4,S8,1
BL205,1431.5924368616538,1.0,0.55,0.4,0.05,P31,S11,1
BL206,2273.565997301439,1.0,0.55,0.4,0.05,P57,S12,0
BL207,507.4731845366024,1.0,0.55,0.4,0.05,P24,S3,1
BL208,4382.440536833951,1.0,0.55,0.4,0.05,P34,S4,0
BL209,2786.753101157938,1.0,0.55,0.4,0.05,P9,S2,1
BL210,1998.9237245478703,1.0,0.55,0.4,0.05,P0,S4,1
BL211,4012.6151188696294,1.0,0.55,0.4,0.05,P40,S5,0
BL212,1671.5684453686251,1.0,0.55,0.4,0.05,P35,S6,1
BL213,1591.1728386274972,1.0,0.55,0.4,0.05,P68,S3,1
BL214,3574.662609464658,1.0,0.55,0.4,0.05,P26,S11,0
BL215,1988.3108392469,1.0,0.55,0.4,0.05,P39,S5,0
BL216,718.5618043113113,1.0,0.55,0.4,0.05,P18,S3,1
BL217,3702.0111871855,1.0,0.55,0.4,0.05,P76,S6,1
BL218,713.1830900246683,1.0,0.55,0.4,0.05,P37,S3,1
BL219,4634.704370888073,1.0,0.55,0.4,0.05,P12,S4,0
BL220,1347.4488866510833,1.0,0.55,0.4,0.05,P11,S2,0
BL221,997.8326040299147,1.0,0.55,0.4,0.05,P0,S10,1
BL222,1587.375089325886,1.0,0.55,0.4,0.05,P2,S9,1
BL223,3155.879222447568,1.0,0.55,0.4,0.05,P50,S2,0
BL224,521.3362681034326,1.0,0.55,0.4,0.05,P46,S9,1
BL225,3286.035888921383,1.0,0.55,0.4,0.05,P69,S4,0
BL226,3978.218246608778,1.0,0.55,0.4,0.05,P69,S6,0
BL227,1644.185676893708,1.0,0.55,0.4,0.05,P13,S12,0
BL228,2545.0584363439602,1.0,0.55,0.4,0.05,P70,S3,1
BL229,4930.922901279397,1.0,0.55,0.4,0.05,P75,S12,0
BL230,4159.217056190508,1.0,0.55,0.4,0.05,P49,S1,1
BL231,4096.460850086709,1.0,0.55,0.4,0.05,P29,S2,1
BL232,1473.6006285143064,1.0,0.55,0.4,0.05,P26,S2,0
BL233,1929.3603546360275,1.0,0.55,0.4,0.05,P49,S7,0
BL234,634.2564654486387,1.0,0.55,0.4,0.05,P33,S10,0
BL235,585.6536651786896,1.0,0.55,0.4,0.05,P6,S9,1
BL236,3763.3249438289095,1.0,0.55,0.4,0.05,P28,S9,1
BL237,3823.611739058222,1.0,0.55,0.4,0.05,P13,S11,0
BL238,4505.08755702963,1.0,0.55,0.4,0.05,P58,S10,0
BL239,1067.1185378598193,1.0,0.55,0.4,0.05,P26,S2,0
BL240,3618.929421183657,1.0,0.55,0.4,0.05,P48,S10,0
BL241,2782.817157119195,1.0,0.55,0.4,0.05,P11,S1,1
BL242,518.0342213000278,1.0,0.55,0.4,0.05,P14,S2,0
BL243,4968.88061868728,1.0,0.55,0.4,0.05,P81,S12,1
BL244,1071.094889833309,1.0,0.55,0.4,0.05,P1,S7,0
BL245,4461.711350574615,1.0,0.55,0.4,0.05,P47,S7,0
BL246,3298.0641343734046,1.0,0.55,0.4,0.05,P73,S5,0
BL247,727.3386336740232,1.0,0.55,0.4,0.05,P43,S3,1
BL248,1826.3983694124336,1.0,0.55,0.4,0.05,P22,S6,0
BL249,4263.103295791705,1.0,0.55,0.4,0.05,P48,S5,0
BL250,3180.7119860857733,1.0,0.55,0.4,0.05,P54,S3,1
BL251,4432.498240567106,1.0,0.55,0.4,0.05,P1,S2,0
BL252,3248.465599559382,1.0,0.55,0.4,0.05,P18,S11,0
BL253,2282.74925026662,1.0,0.55,0.4,0.05,P20,S3,1
BL254,3765.9633562194526,1.0,0.55,0.4,0.05,P45,S10,0
BL255,3912.9000673313935,1.0,0.55,0.4,0.05,P55,S10,0
BL256,2386.725745553623,1.0,0.55,0.4,0.05,P46,S9,1
BL257,556.1144507354595,1.0,0.55,0.4,0.05,P80,S12,0
BL258,2841.0353017069724,1.0,0.55,0.4,0.05,P42,S1,1
BL259,923.3238339022812,1.0,0.55,0.4,0.05,P65,S6,0
BL260,2277.532580182504,1.0,0.55,0.4,0.05,P33,S10,0
BL261,1172.1837036566785,1.0,0.55,0.4,0.05,P72,S2,0
BL262,1302.9879281982392,1.0,0.55,0.4,0.05,P55,S5,0
BL263,4365.422872509712,1.0,0.55,0.4,0.05,P78,S9,1
BL264,1454.6633338548563,1.0,0.55,0.4,0.05,P16,S12,1
BL265,3800.727070532734,1.0,0.55,0.4,0.05,P74,S5,1
BL266,2205.737127667873,1.0,0.55,0.4,0.05,P38,S8,0
BL267,3837.723847338807,1.0,0.55,0.4,0.05,P72,S5,0
BL268,4023.320585117382,1.0,0.55,0.4,0.05,P42,S8,1
BL269,970.7679356214885,1.0,0.55,0.4,0.05,P59,S12,0
BL270,4395.076426944626,1.0,0.55,0.4,0.05,P46,S10,1
BL271,949.3811472232827,1.0,0.55,0.4,0.05,P74,S11,1
BL272,3846.201642984434,1.0,0.55,0.4,0.05,P65,S1,1
BL273,4906.510851682759,1.0,0.55,0.4,0.05,P16,S6,1
BL274,3736.9064016087063,1.0,0.55,0.4,0.05,P1,S12,0
BL275,2275.8344966753702,1.0,0.55,0.4,0.05,P30,S12,1
BL276,3239.3350800421103,1.0,0.55,0.4,0.05,P72,S8,0
BL277,2341.129899311587,1.0,0.55,0.4,0.05,P26,S7,0
BL278,4709.216163049226,1.0,0.55,0.4,0.05,P47,S1,1
BL279,1385.339813377841,1.0,0.55,0.4,0.05,P49,S7,0
BL280,2273.481421669034,1.0,0.55,0.4,0.05,P38,S5,0
BL281,1232.921752495497,1.0,0.55,0.4,0.05,P30,S10,1
BL282,2027.6498939400622,1.0,0.55,0.4,0.05,P10,S4,0
BL283,1596.1853541137334,1.0,0.55,0.4,0.05,P56,S1,1
BL284,3890.7705335011606,1.0,0.55,0.4,0.05,P78,S3,1
BL285,1751.5101059216954,1.0,0.55,0.4,0.05,P8,S8,1
BL286,1335.9476069198922,1.0,0.55,0.4,0.05,P72,S6,0
BL287,2607.8748856104694,1.0,0.55,0.4,0.05,P16,S6,1
BL288,703.2790264524187,1.0,0.55,0.4,0.05,P42,S6,1
BL289,4816.995564360238,1.0,0.55,0.4,0.05,P21,S1,1
BL290,2729.779504828783,1.0,0.55,0.4,0.05,P39,S3,1
BL291,1635.9633074731428,1.0,0.55,0.4,0.05,P53,S11,0
BL292,3941.6159867325546,1.0,0.55,0.4,0.05,P9,S2,1
BL293,4557.3883410489725,1.0,0.55,0.4,0.05,P24,S4,0
BL294,4920.650073970396,1.0,0.55,0.4,0.05,P71,S2,1
BL295,823.1996322629798,1.0,0.55,0.4,0.05,P80,S5,0
BL296,1870.0993691421481,1.0,0.55,0.4,0.05,P78,S5,0
BL297,936.4004991746568,1.0,0.55,0.4,0.05,P11,S3,1
BL298,3275.4028058478907,1.0,0.55,0.4,0.05,P45,S10,0
BL299,1243.9009551528102,1.0,0.55,0.4,0.05,P69,S5,0
BL300,1221.4041124201613,1.0,0.55,0.4,0.05,P44,S1,1
BL301,3129.0253702754817,1.0,0.55,0.4,0.05,P20,S2,0
BL302,1832.1478830951157,1.0,0.55,0.4,0.05,P69,S7,0
BL303,2321.8473399194017,1.0,0.55,0.4,0.05,P60,S11,0
BL304,3975.5884445355564,1.0,0.55,0.4,0.05,P30,S2,1
BL305,4736.924855321446,1.0,0.55,0.4,0.05,P62,S1,1
BL306,4532.549370906337,1.0,0.55,0.4,0.05,P16,S5,1
BL307,1690.4291501808998,1.0,0.55,0.4,0.05,P9,S9,1
BL308,1307.7143255573935,1.0,0.55,0.4,0.05,P8,S3,1
BL309,2524.366849748568,1.0,0.55,0.4,0.05,P69,S8,0
BL310,3696.1034060119396,1.0,0.55,0.4,0.05,P33,S3,1
BL311,4435.588129350073,1.0,0.55,0.4,0.05,P20,S2,0
BL312,2888.826774295165,1.0,0.55,0.4,0.05,P69,S9,1
BL313,1601.5842569756544,1.0,0.55,0.4,0.05,P27,S9,1
BL314,4730.085548633816,1.0,0.55,0.4,0.05,P20,S4,0
BL315,3998.1142099746153,1.0,0.55,0.4,0.05,P13,S1,1
BL316,2707.7356198034236,1.0,0.55,0.4,0.05,P72,S4,0
BL317,2914.556061096902,1.0,0.55,0.4,0.05,P42,S6,1
BL318,1092.8967480143037,1.0,0.55,0.4,0.05,P43,S10,0
BL319,4785.123721305575,1.0,0.55,0.4,0.05,P35,S5,1
BL320,4789.424862073351,1.0,0.55,0.4,0.05,P10,S2,0
BL321,2994.874484179701,1.0,0.55,0.4,0.05,P39,S2,0
BL322,1639.3307275697068,1.0,0.55,0.4,0.05,P13,S12,0
BL323,1035.289898330951,1.0,0.55,0.4,0.05,P17,S11,1
BL324,1946.8984616704927,1.0,0.55,0.4,0.05,P2,S2,0
BL325,2592.5635939517283,1.0,0.55,0.4,0.05,P75,S11,0
BL326,2893.4874110573064,1.0,0.55,0.4,0.05,P49,S12,0
BL327,4948.717543338094,1.0,0.55,0.4,0.05,P32,S8,0
BL328,3837.265847291819,1.0,0.55,0.4,0.05,P15,S2,0
BL329,1187.9470495685118,1.0,0.55,0.4,0.05,P67,S5,0
BL330,2036.2418032177743,1.0,0.55,0.4,0.05,P38,S10,0
BL331,2040.816545647829,1.0,0.55,0.4,0.05,P75,S7,0
BL332,3302.189352446937,1.0,0.55,0.4,0.05,P4,S1,1
BL333,4071.3592273806985,1.0,0.55,0.4,0.05,P65,S1,1
BL334,4657.024922419311,1.0,0.55,0.4,0.05,P61,S10,1
BL335,3375.5614216887407,1.0,0.55,0.4,0.05,P17,S7,1
BL336,4970.158242850301,1.0,0.55,0.4,0.05,P35,S10,1
BL337,779.2839794306985,1.0,0.55,0.4,0.05,P0,S4,1
BL338,1080.635257319188,1.0,0.55,0.4,0.05,P23,S5,0
BL339,3345.272658635946,1.0,0.55,0.4,0.05,P37,S6,0
BL340,4648.336025697477,1.0,0.55,0.4,0.05,P12,S6,0
BL341,3767.810577727555,1.0,0.55,0.4,0.05,P32,S8,0
BL342,3469.7808550817545,1.0,0.55,0.4,0.05,P26,S9,1
BL343,2627.5278774154917,1.0,0.55,0.4,0.05,P37,S8,0
BL344,2042.2113923973013,1.0,0.55,0.4,0.05,P49,S8,0
BL345,3551.423273959227,1.0,0.55,0.4,0.05,P77,S7,1
BL346,681.1418297296569,1.0,0.55,0.4,0.05,P14,S12,0
BL347,4516.194603592969,1.0,0.55,0.4,0.05,P69,S12,0
BL348,4963.134724239327,1.0,0.55,0.4,0.05,P36,S9,1
BL349,3469.9807346051807,1.0,0.55,0.4,0.05,P61,S6,1
BL350,4763.910198496966,1.0,0.55,0.4,0.05,P43,S3,1
BL351,3823.298207089829,1.0,0.55,0.4,0.05,P24,S9,1
BL352,3028.185185283497,1.0,0.55,0.4,0.05,P30,S5,1
BL353,2790.203682881094,1.0,0.55,0.4,0.05,P33,S2,0
BL354,2386.854445675146,1.0,0.55,0.4,0.05,P59,S9,1
BL355,2040.6309498502435,1.0,0.55,0.4,0.05,P74,S3,1
BL356,2480.225487050986,1.0,0.55,0.4,0.05,P53,S9,1
BL357,912.75655576553,1.0,0.55,0.4,0.05,P33,S4,0
BL358,3449.829822543735,1.0,0.55,0.4,0.05,P10,S4,0
BL359,588.9490040421125,1.0,0.55,0.4,0.05,P54,S9,1
BL360,1390.1443126663862,1.0,0.55,0.4,0.05,P54,S11,0
BL361,4372.836806282586,1.0,0.55,0.4,0.05,P26,S2,0
BL362,3505.3212148159387,1.0,0.55,0.4,0.05,P63,S10,0
BL363,1738.18636520771,1.0,0.55,0.4,0.05,P20,S3,1
BL364,1775.8434496965315,1.0,0.55,0.4,0.05,P10,S10,0
BL365,4596.471095833636,1.0,0.55,0.4,0.05,P11,S4,0
BL366,2939.3556572782363,1.0,0.55,0.4,0.05,P55,S9,1
BL367,4788.151108185046,1.0,0.55,0.4,0.05,P16,S7,1
BL368,1647.9811896232131,1.0,0.55,0.4,0.05,P57,S7,0
BL369,1942.2102275510726,1.0,0.55,0.4,0.05,P50,S4,0
BL370,2298.5426082363656,1.0,0.55,0.4,0.05,P51,S9,1
BL371,604.5241205604132,1.0,0.55,0.4,0.05,P80,S6,0
BL372,4437.984259951302,1.0,0.55,0.4,0.05,P56,S7,0
BL373,2497.7429887818935,1.0,0.55,0.4,0.05,P32,S12,0
BL374,4342.929692662531,1.0,0.55,0.4,0.05,P50,S3,1
BL375,2950.4678091860283,1.0,0.55,0.4,0.05,P76,S4,1
BL376,3344.9112505168805,1.0,0.55,0.4,0.05,P26,S9,1
BL377,1598.922503446497,1.0,0.55,0.4,0.05,P40,S10,0
BL378,4657.4352477432785,1.0,0.55,0.4,0.05,P27,S5,0
BL379,4901.919938440526,1.0,0.55,0.4,0.05,P74,S4,1
BL380,3941.0025285289985,1.0,0.55,0.4,0.05,P69,S1,1
BL381,2662.7343392403795,1.0,0.55,0.4,0.05,P61,S3,1
BL382,1581.0182426705142,1.0,0.55,0.4,0.05,P62,S8,1
BL383,1801.9406124605055,1.0,0.55,0.4,0.05,P37,S8,0
BL384,3136.8261834322466,1.0,0.55,0.4,0.05,P52,S4,0
BL385,1484.8547395758449,1.0,0.55,0.4,0.05,P21,S5,1
BL386,4372.564636824693,1.0,0.55,0.4,0.05,P33,S8,0
BL387,533.7816475999994,1.0,0.55,0.4,0.05,P66,S7,0
BL388,4088.7987605633866,1.0,0.55,0.4,0.05,P13,S1,1
BL389,1122.4808155222215,1.0,0.55,0.4,0.05,P27,S2,0
BL390,1020.6687528924325,1.0,0.55,0.4,0.05,P68,S9,1
BL391,4993.7428175536215,1.0,0.55,0.4,0.05,P63,S2,0
BL392,1192.836121599319,1.0,0.55,0.4,0.05,P31,S4,1
BL393,3288.5083668643765,1.0,0.55,0.4,0.05,P15,S1,1
BL394,4913.695154898654,1.0,0.55,0.4,0.05,P34,S11,0
BL395,1120.9888280655741,1.0,0.55,0.4,0.05,P76,S8,1
BL396,1717.844685218872,1.0,0.55,0.4,0.05,P5,S8,0
BL397,3485.5396575308905,1.0,0.55,0.4,0.05,P64,S6,0
BL398,4246.381782158032,1.0,0.55,0.4,0.05,P72,S6,0
BL399,2405.7292760584423,1.0,0.55,0.4,0.05,P9,S7,1
BL400,2753.4476708612524,1.0,0.55,0.4,0.05,P14,S7,0
BL401,3437.0903069116484,1.0,0.55,0.4,0.05,P45,S4,0
BL402,4997.398591508845,1.0,0.55,0.4,0.05,P56,S1,1
BL403,928.395891323888,1.0,0.55,0.4,0.05,P81,S1,1
BL404,4894.988351974651,1.0,0.55,0.4,0.05,P42,S9,1
BL405,2575.439986269082,1.0,0.55,0.4,0.05,P59,S4,0
BL406,731.386195506182,1.0,0.55,0.4,0.05,P26,S3,1
BL407,2090.019627808105,1.0,0.55,0.4,0.05,P34,S5,0
BL408,4244.540338768937,1.0,0.55,0.4,0.05,P55,S4,0
BL409,2374.9969911794606,1.0,0.55,0.4,0.05,P64,S11,0
BL410,3869.6935085017467,1.0,0.55,0.4,0.05,P67,S5,0
BL411,2710.6585087611475,1.0,0.55,0.4,0.05,P26,S9,1
BL412,1147.5891323535122,1.0,0.55,0.4,0.05,P65,S3,1
BL413,932.4285483734657,1.0,0.55,0.4,0.05,P73,S7,0
BL414,2902.2800597328214,1.0,0.55,0.4,0.05,P72,S4,0
BL415,737.6319563004965,1.0,0.55,0.4,0.05,P12,S4,0
BL416,2463.424968624184,1.0,0.55,0.4,0.05,P5,S3,1
BL417,656.7725762596205,1.0,0.55,0.4,0.05,P0,S11,1
BL418,4204.07292837284,1.0,0.55,0.4,0.05,P63,S5,0
BL419,1160.8868066963191,1.0,0.55,0.4,0.05,P53,S5,0
BL420,4204.060744775426,1.0,0.55,0.4,0.05,P13,S1,1
BL421,4186.399456822912,1.0,0.55,0.4,0.05,P70,S7,1
BL422,2275.166830724395,1.0,0.55,0.4,0.05,P44,S1,1
BL423,1658.5338169578351,1.0,0.55,0.4,0.05,P7,S7,1
BL424,2768.8037197586623,1.0,0.55,0.4,0.05,P60,S4,0
BL425,2591.058370357983,1.0,0.55,0.4,0.05,P61,S7,1
BL426,1486.3514741538454,1.0,0.55,0.4,0.05,P61,S4,1
BL427,3881.708647571282,1.0,0.55,0.4,0.05,P30,S8,1
BL428,886.9205754992531,1.0,0.55,0.4,0.05,P17,S12,1
BL429,1289.0593015426484,1.0,0.55,0.4,0.05,P9,S5,1
BL430,2293.2798056339557,1.0,0.55,0.4,0.05,P14,S1,1
BL431,1117.4506600577556,1.0,0.55,0.4,0.05,P67,S9,1
BL432,2519.2827824056276,1.0,0.55,0.4,0.05,P81,S12,1
BL433,4437.87889574337,1.0,0.55,0.4,0.05,P53,S12,0
BL434,4427.8653144838045,1.0,0.55,0.4,0.05,P32,S12,0
BL435,1493.5906454402032,1.0,0.55,0.4,0.05,P79,S6,1
BL436,1800.8761173718626,1.0,0.55,0.4,0.05,P15,S6,0
BL437,3048.892928643401,1.0,0.55,0.4,0.05,P53,S4,0
BL438,4228.461161774536,1.0,0.55,0.4,0.05,P60,S9,1
BL439,619.5999424878127,1.0,0.55,0.4,0.05,P45,S5,0
BL440,3207.0130360520707,1.0,0.55,0.4,0.05,P58,S7,0
BL441,1670.8309490434613,1.0,0.55,0.4,0.05,P4,S5,1
BL442,3910.5964342978723,1.0,0.55,0.4,0.05,P39,S4,0
BL443,3025.5038055051987,1.0,0.55,0.4,0.05,P34,S2,0
BL444,1718.1354267279817,1.0,0.55,0.4,0.05,P67,S2,0
BL445,1916.3732835397145,1.0,0.55,0.4,0.05,P31,S2,1
BL446,3544.9357212933696,1.0,0.55,0.4,0.05,P42,S6,1
BL447,504.8035926023626,1.0,0.55,0.4,0.05,P46,S11,1
BL448,4525.301739734515,1.0,0.55,0.4,0.05,P5,S1,1
BL449,1273.8215837166028,1.0,0.55,0.4,0.05,P17,S10,1
BL450,2614.80173129303,1.0,0.55,0.4,0.05,P52,S11,0
BL451,4709.938747291948,1.0,0.55,0.4,0.05,P73,S10,0
BL452,1468.3022358292333,1.0,0.55,0.4,0.05,P39,S6,0
BL453,1379.6892931190184,1.0,0.55,0.4,0.05,P4,S6,1
BL454,1463.4153020152407,1.0,0.55,0.4,0.05,P48,S4,0
BL455,1431.4332183837787,1.0,0.55,0.4,0.05,P55,S11,0
BL456,1292.6223462788594,1.0,0.55,0.4,0.05,P8,S2,1
BL457,4371.268487985234,1.0,0.55,0.4,0.05,P34,S1,1
BL458,2123.414089332141,1.0,0.55,0.4,0.05,P11,S3,1
BL459,2108.1633057592435,1.0,0.55,0.4,0.05,P26,S3,1
BL460,3247.1828030380484,1.0,0.55,0.4,0.05,P4,S5,1
BL461,4497.644538782783,1.0,0.55,0.4,0.05,P21,S6,1
BL462,949.2397572955558,1.0,0.55,0.4,0.05,P16,S1,1
BL463,1018.9689714994458,1.0,0.55,0.4,0.05,P76,S10,1
BL464,1048.8603389433028,1.0,0.55,0.4,0.05,P8,S6,1
BL465,3894.221817220516,1.0,0.55,0.4,0.05,P50,S3,1
BL466,2867.272370987094,1.0,0.55,0.4,0.05,P69,S2,0
BL467,698.7879632487258,1.0,0.55,0.4,0.05,P67,S2,0
BL468,1957.7150102193627,1.0,0.55,0.4,0.05,P81,S3,1
BL469,3095.874313239168,1.0,0.55,0.4,0.05,P32,S6,0
BL470,1266.5353714633347,1.0,0.55,0.4,0.05,P77,S11,1
BL471,2743.877960943418,1.0,0.55,0.4,0.05,P66,S10,0
BL472,4868.98127845582,1.0,0.55,0.4,0.05,P80,S7,0
BL473,2288.8626104974683,1.0,0.55,0.4,0.05,P40,S12,0
BL474,1076.2367474650414,1.0,0.55,0.4,0.05,P31,S10,1
BL475,1369.4374510030875,1.0,0.55,0.4,0.05,P47,S8,0
BL476,4397.650728489591,1.0,0.55,0.4,0.05,P26,S12,0
BL477,2114.0275618756004,1.0,0.55,0.4,0.05,P8,S1,1
BL478,2441.835516593096,1.0,0.55,0.4,0.05,P48,S9,1
BL479,4670.46226170047,1.0,0.55,0.4,0.05,P33,S10,0
BL480,2261.7139078879854,1.0,0.55,0.4,0.05,P51,S10,0
BL481,2529.7092508336477,1.0,0.55,0.4,0.05,P76,S10,1
BL482,2578.180601523867,1.0,0.55,0.4,0.05,P26,S12,0
BL483,2994.7956052089366,1.0,0.55,0.4,0.05,P46,S4,1
BL484,2055.7886259318466,1.0,0.55,0.4,0.05,P54,S5,0
BL485,925.8789571222492,1.0,0.55,0.4,0.05,P26,S1,1
BL486,3754.0121096542375,1.0,0.55,0.4,0.05,P31,S4,1
BL487,1465.4253765206463,1.0,0.55,0.4,0.05,P13,S12,0
BL488,3899.927941130423,1.0,0.55,0.4,0.05,P31,S10,1
BL489,4220.55446865685,1.0,0.55,0.4,0.05,P46,S7,1
BL490,3188.275380832283,1.0,0.55,0.4,0.05,P21,S12,1
BL491,736.5919564537492,1.0,0.55,0.4,0.05,P76,S2,1
BL492,2266.181304192247,1.0,0.55,0.4,0.05,P54,S8,0
BL493,3105.3988613760916,1.0,0.55,0.4,0.05,P77,S2,1
BL494,673.4389969554607,1.0,0.55,0.4,0.05,P75,S12,0
BL495,3032.006062243699,1.0,0.55,0.4,0.05,P0,S12,1
BL496,3845.569825500734,1.0,0.55,0.4,0.05,P55,S1,1
BL497,2733.8786709768874,1.0,0.55,0.4,0.05,P2,S2,0
BL498,524.6289897558237,1.0,0.55,0.4,0.05,P69,S3,1
BL499,1988.2223003574745,1.0,0.55,0.4,0.05,P38,S7,0
BL500,2178.7726440112388,1.0,0.55,0.4,0.05,P64,S11,0
BL501,1716.5380468969738,1.0,0.55,0.4,0.05,P72,S11,0
BL502,3987.0855652159757,1.0,0.55,0.4,0.05,P46,S9,1
BL503,2914.1956568851283,1.0,0.55,0.4,0.05,P13,S2,0
BL504,4836.109604999691,1.0,0.55,0.4,0.05,P40,S3,1
BL505,1344.2418174426512,1.0,0.55,0.4,0.05,P79,S10,1
BL506,4451.663410949918,1.0,0.55,0.4,0.05,P70,S12,1
BL507,954.9777467101324,1.0,0.55,0.4,0.05,P48,S7,0
BL508,2667.9359811297722,1.0,0.55,0.4,0.05,P30,S5,1
BL509,4919.6493334302995,1.0,0.55,0.4,0.05,P66,S3,1
BL510,2412.407235497456,1.0,0.55,0.4,0.05,P46,S9,1
BL511,2379.2868169432054,1.0,0.55,0.4,0.05,P49,S12,0
BL512,4076.377512879073,1.0,0.55,0.4,0.05,P30,S2,1
BL513,1779.7871055803398,1.0,0.55,0.4,0.05,P9,S3,1
BL514,4434.504153506659,1.0,0.55,0.4,0.05,P68,S9,1
BL515,2842.058496952525,1.0,0.55,0.4,0.05,P24,S1,1
BL516,3605.570463103069,1.0,0.55,0.4,0.05,P1,S7,0
BL517,3507.488333578192,1.0,0.55,0.4,0.05,P38,S7,0
BL518,3284.2165017633893,1.0,0.55,0.4,0.05,P13,S2,0
BL519,2577.772387330292,1.0,0.55,0.4,0.05,P30,S2,1
BL520,1464.4688128474397,1.0,0.55,0.4,0.05,P3,S12,1
BL521,1348.1343635553562,1.0,0.55,0.4,0.05,P42,S6,1
BL522,935.6456718723715,1.0,0.55,0.4,0.05,P11,S6,0
BL523,2322.473276731178,1.0,0.55,0.4,0.05,P28,S7,0
BL524,4884.87705398981,1.0,0.55,0.4,0.05,P77,S3,1
BL525,3432.512605707473,1.0,0.55,0.4,0.05,P66,S3,1
BL526,3354.0549528502775,1.0,0.55,0.4,0.05,P6,S12,0
BL527,2439.8436093707223,1.0,0.55,0.4,0.05,P71,S5,1
BL528,2905.703380801739,1.0,0.55,0.4,0.05,P35,S5,1
BL529,4814.183866873704,1.0,0.55,0.4,0.05,P2,S5,0
BL530,3676.0865163326966,1.0,0.55,0.4,0.05,P81,S8,1
BL531,4563.451190327615,1.0,0.55,0.4,0.05,P3,S7,1
BL532,4711.433459049863,1.0,0.55,0.4,0.05,P24,S5,0
BL533,1028.7697201367068,1.0,0.55,0.4,0.05,P3,S10,1
BL534,4256.184489471212,1.0,0.55,0.4,0.05,P68,S4,0
BL535,2907.041688391417,1.0,0.55,0.4,0.05,P4,S12,1
BL536,3053.516510971955,1.0,0.55,0.4,0.05,P12,S1,1
BL537,2502.572246842965,1.0,0.55,0.4,0.05,P75,S9,1
BL538,4859.385446127195,1.0,0.55,0.4,0.05,P32,S12,0
BL539,1352.1357125278423,1.0,0.55,0.4,0.05,P5,S4,0
BL540,4839.679377011655,1.0,0.55,0.4,0.05,P25,S7,0
BL541,4402.863682255316,1.0,0.55,0.4,0.05,P23,S3,1
BL542,4235.086306215626,1.0,0.55,0.4,0.05,P7,S2,1
BL543,4289.695949825924,1.0,0.55,0.4,0.05,P58,S2,0
BL544,1071.208655559139,1.0,0.55,0.4,0.05,P80,S5,0
BL545,2955.540623364715,1.0,0.55,0.4,0.05,P77,S12,1
BL546,4545.147093442311,1.0,0.55,0.4,0.05,P65,S5,0
BL547,3671.772453694314,1.0,0.55,0.4,0.05,P44,S3,1
BL548,2553.8173605583042,1.0,0.55,0.4,0.05,P79,S10,1
BL549,2127.1956330769817,1.0,0.55,0.4,0.05,P39,S11,0
BL550,903.8895586303788,1.0,0.55,0.4,0.05,P31,S3,1
BL551,4009.4142974254028,1.0,0.55,0.4,0.05,P32,S9,1
BL552,4688.0801984507925,1.0,0.55,0.4,0.05,P6,S9,1
BL553,658.2919198298889,1.0,0.55,0.4,0.05,P36,S11,0
BL554,1426.189068558534,1.0,0.55,0.4,0.05,P50,S4,0
BL555,1484.169017682357,1.0,0.55,0.4,0.05,P12,S4,0
BL556,4712.7961923808825,1.0,0.55,0.4,0.05,P80,S5,0
BL557,1563.6219592259506,1.0,0.55,0.4,0.05,P42,S11,1
BL558,1191.2082464199134,1.0,0.55,0.4,0.05,P80,S7,0
BL559,1378.0590849155137,1.0,0.55,0.4,0.05,P4,S12,1
BL560,4606.019583330388,1.0,0.55,0.4,0.05,P5,S2,0
BL561,3316.9530051458632,1.0,0.55,0.4,0.05,P46,S4,1
BL562,4102.6262930323255,1.0,0.55,0.4,0.05,P44,S10,0
BL563,4388.615731367261,1.0,0.55,0.4,0.05,P16,S11,1
BL564,2065.5534909046655,1.0,0.55,0.4,0.05,P50,S8,0
BL565,1516.680310625521,1.0,0.55,0.4,0.05,P77,S2,1
BL566,4755.62143321013,1.0,0.55,0.4,0.05,P7,S5,1
BL567,3968.4794614941648,1.0,0.55,0.4,0.05,P35,S11,1
BL568,1322.6394669393944,1.0,0.55,0.4,0.05,P31,S2,1
BL569,3439.363482602684,1.0,0.55,0.4,0.05,P44,S8,0
BL570,2456.418860640708,1.0,0.55,0.4,0.05,P26,S3,1
BL571,3748.5805078070434,1.0,0.55,0.4,0.05,P55,S10,0
BL572,4715.01361339307,1.0,0.55,0.4,0.05,P18,S11,0
BL573,982.905632746342,1.0,0.55,0.4,0.05,P13,S10,0
BL574,2837.9731914936233,1.0,0.55,0.4,0.05,P15,S8,0
BL575,2465.0037020247773,1.0,0.55,0.4,0.05,P40,S1,1
BL576,2688.2627570176182,1.0,0.55,0.4,0.05,P41,S4,0
BL577,2397.947282215526,1.0,0.55,0.4,0.05,P81,S7,1
BL578,3168.304840173272,1.0,0.55,0.4,0.05,P39,S12,0
BL579,3369.2404110307243,1.0,0.55,0.4,0.05,P5,S3,1
BL580,4916.2419556385075,1.0,0.55,0.4,0.05,P18,S8,0
BL581,4535.399172158142,1.0,0.55,0.4,0.05,P4,S1,1
BL582,771.4886835839977,1.0,0.55,0.4,0.05,P38,S4,0
BL583,3416.8267835021047,1.0,0.55,0.4,0.05,P38,S10,0
BL584,2426.76438578993,1.0,0.55,0.4,0.05,P67,S9,1
BL585,4353.030517084733,1.0,0.55,0.4,0.05,P64,S6,0
BL586,2064.531356761565,1.0,0.55,0.4,0.05,P52,S10,0
BL587,3523.343848763303,1.0,0.55,0.4,0.05,P51,S6,0
BL588,2169.1054469375113,1.0,0.55,0.4,0.05,P54,S12,0
BL589,4154.553325341766,1.0,0.55,0.4,0.05,P78,S8,0
BL590,3814.578919020799,1.0,0.55,0.4,0.05,P34,S5,0
BL591,1469.728138157152,1.0,0.55,0.4,0.05,P41,S6,0
BL592,1090.1982613311948,1.0,0.55,0.4,0.05,P37,S8,0
BL593,3320.712422528939,1.0,0.55,0.4,0.05,P61,S5,1
BL594,4526.095490905167,1.0,0.55,0.4,0.05,P16,S2,1
BL595,998.2591637024946,1.0,0.55,0.4,0.05,P61,S9,1
BL596,1194.9038960996409,1.0,0.55,0.4,0.05,P22,S2,0
BL597,1810.982541013096,1.0,0.55,0.4,0.05,P78,S4,0
BL598,4472.715047153351,1.0,0.55,0.4,0.05,P16,S4,1
BL599,3686.708992291858,1.0,0.55,0.4,0.05,P43,S9,1
BL600,2109.571841866884,1.0,0.55,0.4,0.05,P62,S11,1
BL601,1163.4167906851362,1.0,0.55,0.4,0.05,P14,S10,0
BL602,1887.499417787799,1.0,0.55,0.4,0.05,P39,S5,0
BL603,2976.0786135871595,1.0,0.55,0.4,0.05,P22,S5,0
BL604,814.6923416458754,1.0,0.55,0.4,0.05,P10,S10,0
BL605,4019.9503787050776,1.0,0.55,0.4,0.05,P57,S6,0
BL606,4167.828932984394,1.0,0.55,0.4,0.05,P39,S7,0
BL607,4192.506871879374,1.0,0.55,0.4,0.05,P61,S3,1
BL608,2123.647526378819,1.0,0.55,0.4,0.05,P36,S4,0
BL609,2603.6804274285732,1.0,0.55,0.4,0.05,P19,S3,1
BL610,1584.1720238644048,1.0,0.55,0.4,0.05,P14,S5,0
BL611,1912.3104745024095,1.0,0.55,0.4,0.05,P32,S11,0
BL612,1089.0064888272277,1.0,0.55,0.4,0.05,P61,S3,1
BL613,1863.340829767859,1.0,0.55,0.4,0.05,P22,S1,1
BL614,1561.987681792487,1.0,0.55,0.4,0.05,P35,S11,1
BL615,4685.015063096228,1.0,0.55,0.4,0.05,P30,S7,1
BL616,3393.4929050337464,1.0,0.55,0.4,0.05,P62,S5,1
BL617,4994.7333680014635,1.0,0.55,0.4,0.05,P40,S1,1
BL618,4504.007599429409,1.0,0.55,0.4,0.05,P71,S6,1
